name,phone
曲**,135******41
谷梁**,133******50
鄢**,135******56
蓬**,132******54
饶**,131******07
勾**,131******02
仇**,130******13
聂**,135******86
潘**,135******85
司马**,138******27
时**,139******02
督**,136******45
盛**,134******74
益**,134******43
季**,132******57
裘**,134******98
胥**,138******06
空**,136******08
毛**,136******40
拓跋**,133******52
应**,134******58
缑**,134******54
宦**,131******10
徐**,133******28
归**,139******05
慎**,131******61
向**,135******61
危**,134******71
晁**,135******23
长孙**,138******78
胥**,138******34
向**,133******14
古**,138******17
汤**,138******03
桂**,136******08
利**,133******60
夔**,135******84
莫**,134******08
拓跋**,133******01
颜**,137******74
充**,133******59
鲜于**,132******56
元**,134******63
阙**,139******97
薛**,137******74
狄**,130******73
柳**,134******34
微生**,131******31
全**,135******86
云**,131******68
容**,136******18
闻人**,137******73
韦**,132******48
韦**,137******38
贝**,133******07
司徒**,138******13
支**,131******60
宫**,132******78
竺**,133******05
须**,135******32
池**,138******36
尚**,134******52
嵇**,139******57
却**,139******67
巴**,133******73
许**,134******84
甘**,134******54
庾**,138******07
司徒**,131******06
璩**,136******80
阚**,134******20
韦**,138******90
干**,138******08
范**,139******40
余**,130******14
支**,134******36
闻人**,131******10
金**,135******98
陈**,139******49
庞**,138******02
吴**,131******25
郁**,131******56
鲜于**,139******86
皇甫**,135******65
胡**,133******27
公羊**,139******03
柴**,131******78
邓**,134******35
段**,139******47
蒲**,131******18
岳**,139******89
宣**,134******97
赫连**,133******60
农**,132******36
明**,136******96
贲**,130******78
终**,133******21
訾**,131******50
夏侯**,133******05
王**,136******28
